{"loss": [1.5384299755096436, 0.5168856978416443, 0.3052252531051636, 0.20934727787971497, 0.15537342429161072, 0.1209813728928566, 0.0944320484995842, 0.08112674951553345, 0.06776124984025955, 0.06031268462538719], "accuracy": [0.551504373550415, 0.8392915725708008, 0.9020271897315979, 0.9318301677703857, 0.9495981335639954, 0.9599686861038208, 0.9691016674041748, 0.9734262824058533, 0.9782061576843262, 0.9807383418083191], "val_loss": [0.5435187816619873, 0.3094817101955414, 0.21299758553504944, 0.24944475293159485, 0.16618327796459198, 0.13784907758235931, 0.1568276584148407, 0.12029530853033066, 0.10857146978378296, 0.12453414499759674], "val_accuracy": [0.8320623636245728, 0.9026861190795898, 0.9304006099700928, 0.9203277826309204, 0.9472455978393555, 0.9584566354751587, 0.9539608359336853, 0.9640905857086182, 0.9676758646965027, 0.9660254716873169]}